Entity,Continent,Gender,Mean BMI 2000,Mean BMI 2004,Mean BMI 2008,Mean BMI 2012,Mean BMI 2016
Afghanistan,Asia,Male,21.36950574,21.6282274,21.94726997,22.26185019,22.59727899
Afghanistan,Asia,Female,22.16827048,22.56762969,23.08330994,23.59478507,24.10689909
Albania,Europe,Male,25.49308165,25.77613126,26.19041371,26.61704145,27.06083759
Albania,Europe,Female,25.1455318,25.38501211,25.73993422,26.09548179,26.42865202
Algeria,Africa,Male,23.53687812,23.76777048,24.07101123,24.41764774,24.77725397
Algeria,Africa,Female,25.30447714,25.57613535,25.8857349,26.19187722,26.48940865
American Samoa,Oceania,Male,33.55654846,33.4968854,33.35639821,33.21720688,33.09525727
American Samoa,Oceania,Female,35.12527113,35.2091508,35.2169974,35.18474247,35.15510809
Andorra,Europe,Male,27.00349421,27.19091908,27.38383724,27.46293149,27.47462216
Andorra,Europe,Female,26.67476605,26.66197506,26.59270075,26.46775324,26.30960323
Angola,Africa,Male,21.16084534,21.42245528,21.76357357,22.07261159,22.36461265
Angola,Africa,Female,22.32578877,22.75282697,23.29149275,23.79088,24.26281086
Antigua and Barbuda,North America,Male,24.44679745,24.70516501,25.04595771,25.38662689,25.73584965
Antigua and Barbuda,North America,Female,26.07013147,26.41798147,26.86621801,27.33090943,27.83193368
Argentina,South America,Male,26.53225733,26.77056476,27.12365834,27.51136877,27.91578809
Argentina,South America,Female,26.12089903,26.4081143,26.80227865,27.23051401,27.68492003
Armenia,Asia,Male,24.67270532,24.82819509,25.07773205,25.36943051,25.66860041
Armenia,Asia,Female,26.77134728,26.8506307,26.94960671,27.05501892,27.16630128
Australia,Oceania,Male,26.75915697,27.03637391,27.33976952,27.54400091,27.68325796
Australia,Oceania,Female,25.99865493,26.26713732,26.52678718,26.70499149,26.84056032
Austria,Europe,Male,25.85309272,26.07096634,26.33048229,26.5142204,26.64113411
Austria,Europe,Female,24.34425163,24.44575118,24.55850102,24.65037876,24.72908597
Azerbaijan,Asia,Male,24.91521572,25.09753608,25.40147811,25.7659835,26.15012541
Azerbaijan,Asia,Female,26.44345969,26.72984143,27.13988801,27.58058705,28.03896677
Bahamas,North America,Male,25.90684293,26.17198935,26.5188088,26.86076803,27.20071868
Bahamas,North America,Female,27.78427553,28.03958275,28.35371561,28.66262274,28.98006353
Bahrain,Asia,Male,25.27161869,25.19680549,25.05184782,24.96405741,24.90852026
Bahrain,Asia,Female,26.04603503,25.82565343,25.47106999,25.15117742,24.86205092
Bangladesh,Asia,Male,20.53623664,20.70742962,20.90281325,21.10096178,21.33982943
Bangladesh,Asia,Female,19.8167321,20.23676759,20.7919544,21.3545334,21.9154566
Barbados,North America,Male,25.17457935,25.42257778,25.75368806,26.08818463,26.42875441
Barbados,North America,Female,28.01071849,28.27789586,28.61244512,28.95415874,29.31793589
Belarus,Europe,Male,25.36859083,25.63780334,25.99394454,26.29205543,26.56296535
Belarus,Europe,Female,26.21624752,26.40277265,26.61998288,26.77234537,26.88713317
Belgium,Europe,Male,26.03457879,26.23813002,26.48765835,26.6639898,26.77505168
Belgium,Europe,Female,25.27369012,25.361573,25.48365047,25.60461821,25.72039764
Belize,North America,Male,26.13409606,26.43252733,26.80831439,27.17332015,27.53950567
Belize,North America,Female,28.8324643,29.21034671,29.67896385,30.14507373,30.62962794
Benin,Africa,Male,21.78360858,22.02235217,22.30236316,22.49446362,22.63234042
Benin,Africa,Female,22.44973106,22.92022506,23.49548793,24.00230106,24.4658024
Bermuda,North America,Male,26.47626277,26.71284001,27.02949913,27.34416586,27.656563
Bermuda,North America,Female,28.48414457,28.66676038,28.8948415,29.1252742,29.36647586
Bhutan,Asia,Male,22.07747199,22.40540417,22.80415295,23.15983592,23.5086725
Bhutan,Asia,Female,22.42031408,22.87272825,23.43873807,23.95704228,24.44809243
Bolivia,South America,Male,23.76895716,24.05320354,24.45412244,24.88035731,25.31401264
Bolivia,South America,Female,25.83240823,26.22369612,26.73132245,27.25781606,27.79510888
Bosnia and Herzegovina,Europe,Male,25.23821322,25.46060931,25.7751911,26.09049398,26.43731882
Bosnia and Herzegovina,Europe,Female,24.59512436,24.71660071,24.89810603,25.08707929,25.28791462
Botswana,Africa,Male,21.76729165,21.97702502,22.22826942,22.41919057,22.59010931
Botswana,Africa,Female,25.58636498,25.78546236,25.9898509,26.13910111,26.26568877
Brazil,South America,Male,24.62157116,24.90261944,25.3292521,25.81635176,26.33917967
Brazil,South America,Female,25.24370161,25.51805571,25.92083341,26.39036706,26.90829736
Brunei,Asia,Male,25.14876936,25.50580916,26.02462914,26.57874307,27.167919
Brunei,Asia,Female,25.65794134,25.93832242,26.32589831,26.75511337,27.21634225
Bulgaria,Europe,Male,25.80430541,26.05390054,26.42466086,26.80752093,27.21528481
Bulgaria,Europe,Female,25.12977865,25.25478399,25.45710043,25.6674326,25.87790241
Burkina Faso,Africa,Male,21.03208383,21.31623998,21.68127995,21.9661274,22.19577356
Burkina Faso,Africa,Female,20.87050627,21.17383197,21.53937175,21.8389456,22.08968057
Burundi,Africa,Male,20.94883893,21.15039877,21.39337903,21.5981561,21.80526402
Burundi,Africa,Female,20.30672822,20.56939733,20.89225145,21.20475558,21.52499897
Cambodia,Asia,Male,20.74019742,20.97211591,21.30030958,21.65514216,22.05113884
Cambodia,Asia,Female,20.69826296,20.97657985,21.35670943,21.78881636,22.26680459
Cameroon,Africa,Male,22.65049686,22.92428175,23.24448141,23.46320358,23.61837342
Cameroon,Africa,Female,23.55645378,23.96535395,24.43706268,24.81909326,25.14831825
Canada,North America,Male,26.88792163,27.10012372,27.30392768,27.40769719,27.44537476
Canada,North America,Female,25.99758282,26.22780414,26.44888931,26.60673484,26.73270436
Cape Verde,Africa,Male,22.71535468,23.00683514,23.34964672,23.58808957,23.75957849
Cape Verde,Africa,Female,23.93783471,24.32036301,24.75263103,25.09045279,25.36464843
Central African Republic,Africa,Male,21.14436186,21.33338178,21.58143152,21.80370333,22.02261212
Central African Republic,Africa,Female,21.95000155,22.30892161,22.775648,23.22594216,23.6709651
Chad,Africa,Male,21.18090442,21.41601846,21.69378272,21.88114582,22.0155931
Chad,Africa,Female,20.80568646,21.09982591,21.43583129,21.69843523,21.92290168
Chile,South America,Male,26.42286222,26.68995462,27.06909837,27.47158437,27.8873564
Chile,South America,Female,27.14840157,27.34966535,27.62532972,27.93324433,28.26195968
China,Asia,Male,22.49666789,22.7231744,23.10676032,23.57391257,24.12940796
China,Asia,Female,22.48811066,22.65243426,22.92994084,23.23847663,23.52585449
Colombia,South America,Male,24.20469284,24.53389343,24.97403605,25.42362106,25.87730931
Colombia,South America,Female,25.71717921,25.93975615,26.18752787,26.43337235,26.69102002
Comoros,Africa,Male,22.42590878,22.6282796,22.87381762,23.08808895,23.30573763
Comoros,Africa,Female,23.244413,23.70933993,24.32890221,24.9571938,25.5996335
Congo,Africa,Male,21.50407128,21.68532156,21.92590161,22.13933717,22.34269887
Congo,Africa,Female,22.76134097,23.08778208,23.48019004,23.82442139,24.14332965
Cook Islands,Oceania,Male,31.39416709,31.64591619,32.01383261,32.38997522,32.76346746
Cook Islands,Oceania,Female,32.16212765,32.47846344,32.82857252,33.09213295,33.31123583
Costa Rica,North America,Male,25.57943677,25.87688183,26.23978681,26.55960807,26.84277233
Costa Rica,North America,Female,26.22592744,26.63896801,27.13477474,27.5908845,28.00841503
Croatia,Europe,Male,26.28583813,26.63490969,27.12254565,27.58973001,28.07157985
Croatia,Europe,Female,25.21521738,25.51496568,25.96294979,26.43414938,26.91329563
Cuba,North America,Male,24.0607451,24.30874517,24.63796669,24.96457073,25.29132131
Cuba,North America,Female,25.28372283,25.47353852,25.69934144,25.91775969,26.14472259
Cyprus,Asia,Male,26.92123404,27.18232441,27.46265927,27.62182528,27.71205826
Cyprus,Asia,Female,25.97847535,26.10641715,26.21031467,26.24245331,26.22974622
Czechia,Europe,Male,27.06703202,27.23965547,27.50917467,27.79376641,28.10546988
Czechia,Europe,Female,26.29806148,26.28198273,26.30571662,26.35371494,26.41777804
Denmark,Europe,Male,25.60728184,25.85640142,26.11191998,26.23791586,26.27218229
Denmark,Europe,Female,24.44853352,24.49491131,24.53999451,24.5598094,24.55860213
Djibouti,Africa,Male,23.01805124,23.14093024,23.27800202,23.37807247,23.47983819
Djibouti,Africa,Female,24.25000387,24.35790282,24.47961489,24.59586402,24.72292651
Dominica,North America,Male,23.77082254,24.00419486,24.32409017,24.65879543,24.99421325
Dominica,North America,Female,27.60215516,27.91327071,28.31322932,28.71497722,29.1185373
Dominican Republic,North America,Male,24.40268175,24.67329791,25.01542597,25.3336639,25.62181586
Dominican Republic,North America,Female,25.67095668,26.06594863,26.56196918,27.03082064,27.46328333
Ecuador,South America,Male,24.88242024,25.21069028,25.66961994,26.15240277,26.64511661
Ecuador,South America,Female,25.99334111,26.36979243,26.86484084,27.38793313,27.93118032
Egypt,Africa,Male,26.52802401,26.77229423,27.08577138,27.44575361,27.83207752
Egypt,Africa,Female,29.0766755,29.56906677,30.19036398,30.84169589,31.52433642
El Salvador,North America,Male,25.59192034,25.90620503,26.26930378,26.59437248,26.90353006
El Salvador,North America,Female,26.55766162,26.9880286,27.47937357,27.93822739,28.39025869
Equatorial Guinea,Africa,Male,21.44009077,21.64017633,21.89356304,22.11971907,22.33733491
Equatorial Guinea,Africa,Female,24.03789531,24.43091715,24.93192097,25.41816323,25.90067313
Eritrea,Africa,Male,20.22225991,20.30108599,20.34021254,20.3259232,20.31910317
Eritrea,Africa,Female,20.17539104,20.39422909,20.64576444,20.8787553,21.11826618
Estonia,Europe,Male,25.73950989,26.07060304,26.47478367,26.77533282,27.04053275
Estonia,Europe,Female,25.41952361,25.60020312,25.79904931,25.92272283,26.02066592
Eswatini,Africa,Male,23.24479143,23.50904005,23.87405671,24.20759046,24.53559782
Eswatini,Africa,Female,27.65081636,27.95621741,28.35387376,28.72887006,29.09877363
Ethiopia,Africa,Male,19.75269578,19.86359506,19.96659893,20.02611342,20.09282568
Ethiopia,Africa,Female,19.97680803,20.20996921,20.49206993,20.76596489,21.04993426
Fiji,Oceania,Male,25.21449168,25.49043572,25.87649619,26.27307811,26.69718793
Fiji,Oceania,Female,27.60524749,27.92765,28.29518283,28.61716451,28.92700833
Finland,Europe,Male,26.3216667,26.45341089,26.56211469,26.58520268,26.55423323
Finland,Europe,Female,25.48950019,25.58061749,25.64729317,25.67441486,25.68009252
France,Europe,Male,25.47822224,25.64706773,25.85773315,25.98607758,26.05554699
France,Europe,Female,24.50543276,24.53694258,24.53023213,24.46245762,24.34407017
French Polynesia,Oceania,Male,29.40551579,29.42533188,29.46910774,29.5461648,29.63941808
French Polynesia,Oceania,Female,29.38461704,29.4476989,29.49525795,29.52511298,29.55078469
Gabon,Africa,Male,23.04576931,23.30256353,23.61383549,23.86754325,24.09015275
Gabon,Africa,Female,24.61974264,25.06224599,25.61231104,26.11414826,26.58218418
Gambia,Africa,Male,21.36697092,21.83078329,22.44937125,22.98623425,23.44597904
Gambia,Africa,Female,22.70123681,23.18763431,23.74884144,24.19695042,24.56621707
Georgia,Asia,Male,25.81366949,26.08459498,26.51294558,27.01688569,27.55347287
Georgia,Asia,Female,26.08503105,26.37379402,26.79087744,27.2555802,27.75201309
Germany,Europe,Male,26.49500018,26.73148504,27.03195045,27.26496901,27.44128879
Germany,Europe,Female,25.31768432,25.47047645,25.6557485,25.82248798,25.97264791
Ghana,Africa,Male,22.07237249,22.28664119,22.50437459,22.58660809,22.59036443
Ghana,Africa,Female,23.27954179,23.76802573,24.34283995,24.83644933,25.2821909
Greece,Europe,Male,26.86648904,27.07849085,27.34231135,27.51841614,27.62935311
Greece,Europe,Female,26.81789635,26.90189358,26.97417026,26.98317578,26.93186374
Greenland,North America,Male,25.32973751,25.54285114,25.79555477,25.97661246,26.10590492
Greenland,North America,Female,26.18915615,26.33307745,26.49617312,26.63043546,26.74629001
Grenada,North America,Male,23.89045902,24.16278919,24.50948031,24.84681767,25.18168793
Grenada,North America,Female,26.86448405,27.28334488,27.81061333,28.33144306,28.86465836
Guatemala,North America,Male,24.45508638,24.73695862,25.09060045,25.42362009,25.74940884
Guatemala,North America,Female,25.62919797,26.03532539,26.50841709,26.94961091,27.38458813
Guinea,Africa,Male,21.55522776,21.7950917,22.08260276,22.28319533,22.43095651
Guinea,Africa,Female,22.03446317,22.37173528,22.77300084,23.11194017,23.41181123
Guinea-Bissau,Africa,Male,21.75550839,22.04414681,22.38629362,22.63204632,22.81176024
Guinea-Bissau,Africa,Female,22.50875128,22.91299576,23.37939341,23.76028233,24.08169902
Guyana,South America,Male,23.72365644,23.98966276,24.34752462,24.71289962,25.08693127
Guyana,South America,Female,25.85113214,26.24483799,26.75879461,27.28103799,27.82116667
Haiti,North America,Male,24.4695187,24.85750833,25.41474819,25.97314255,26.4981443
Haiti,North America,Female,22.39998548,22.80336106,23.32790258,23.81557423,24.24907324
Honduras,North America,Male,24.57887396,24.87213299,25.23975902,25.58879457,25.92582168
Honduras,North America,Female,25.19329487,25.73276338,26.40447671,27.05351772,27.6951341
Hong Kong,Asia,Male,23.72910177,23.85498175,24.04916759,24.28344343,24.57139386
Hong Kong,Asia,Female,23.30530601,23.37399976,23.5050845,23.67772952,23.87086688
Hungary,Europe,Male,26.59105011,26.88920876,27.33322138,27.79179466,28.27164273
Hungary,Europe,Female,25.61959989,25.77159664,26.03101983,26.31054277,26.58660554
Iceland,Europe,Male,26.16290869,26.40949302,26.71042803,26.94238898,27.11867107
Iceland,Europe,Female,25.05872794,25.21081604,25.36660194,25.479446,25.5691211
India,Asia,Male,20.68330202,20.90878197,21.17568547,21.44427447,21.73911153
India,Asia,Female,20.78255592,21.03024779,21.33692667,21.63452818,21.93055334
Indonesia,Asia,Male,21.13279246,21.38584026,21.73762073,22.10146496,22.48871007
Indonesia,Asia,Female,22.18824018,22.50244291,22.91174691,23.34412592,23.79377596
Iran,Asia,Male,24.36974789,24.60384077,24.86974929,25.11946783,25.34127062
Iran,Asia,Female,26.07647566,26.36139434,26.67222929,26.94489846,27.20079325
Iraq,Asia,Male,26.23931397,26.5066913,26.88965955,27.34053562,27.82863352
Iraq,Asia,Female,28.12026822,28.42836321,28.84209559,29.3091987,29.81370852
Ireland,Europe,Male,26.90113835,27.20960809,27.56854226,27.84052478,28.04430241
Ireland,Europe,Female,25.9935423,26.30399667,26.64002691,26.91199955,27.14590911
Israel,Asia,Male,26.2357679,26.57476864,27.0200458,27.40041712,27.74111499
Israel,Asia,Female,26.36475377,26.56846262,26.79605032,26.96620457,27.09389731
Italy,Europe,Male,26.12721843,26.36282806,26.59870306,26.67785406,26.65554418
Italy,Europe,Female,24.94322858,25.01043919,25.04672495,25.00323561,24.88883559
Jamaica,North America,Male,23.95919286,24.33491335,24.84128241,25.34798344,25.85155025
Jamaica,North America,Female,27.24685306,27.75432764,28.40844243,29.05450069,29.70386717
Japan,Asia,Male,23.06317363,23.20063454,23.39285145,23.54498057,23.65673215
Japan,Asia,Female,22.02227681,22.00460152,21.99678752,21.95001801,21.85462817
Jordan,Asia,Male,26.85978303,27.14716004,27.53192358,27.96111279,28.39733058
Jordan,Asia,Female,29.37303774,29.52517004,29.67393321,29.84745846,30.0387267
Kazakhstan,Asia,Male,25.20962444,25.40328341,25.69586585,26.03484148,26.39460399
Kazakhstan,Asia,Female,26.22352295,26.30098337,26.3925023,26.49893612,26.63026856
Kenya,Africa,Male,21.3879485,21.57872103,21.80441957,21.99250109,22.1780619
Kenya,Africa,Female,22.64457913,23.02123521,23.50438803,23.98228104,24.4685678
Kiribati,Oceania,Male,28.31342414,28.4971573,28.69800588,28.89545053,29.11343124
Kiribati,Oceania,Female,29.35012336,29.82276338,30.32959892,30.76610771,31.19596422
Kuwait,Asia,Male,27.65723527,27.91440527,28.25584078,28.6505317,29.08421368
Kuwait,Asia,Female,29.93359048,30.09469051,30.26294924,30.43125679,30.613244
Kyrgyzstan,Asia,Male,24.5806903,24.81031166,25.17206215,25.59032962,26.02755189
Kyrgyzstan,Asia,Female,25.12395771,25.52163634,26.07474843,26.66270747,27.27739439
Laos,Asia,Male,20.93843334,21.24538023,21.69259879,22.16722206,22.66914386
Laos,Asia,Female,21.3061304,21.6505732,22.11696201,22.60313953,23.09102292
Latvia,Europe,Male,25.71328149,26.00129171,26.40321921,26.76373396,27.10745356
Latvia,Europe,Female,25.66850022,25.84657139,26.07212339,26.2510735,26.41094632
Lebanon,Asia,Male,26.44767647,26.74213186,27.13562394,27.56703104,28.01263058
Lebanon,Asia,Female,26.62727327,26.83170389,27.06450174,27.31417675,27.57999447
Lesotho,Africa,Male,21.59530603,21.84321035,22.17888031,22.47260737,22.74478919
Lesotho,Africa,Female,26.16756188,26.3784341,26.64301123,26.87640084,27.08541739
Liberia,Africa,Male,22.93354995,23.06533157,23.22337078,23.25526667,23.18944146
Liberia,Africa,Female,23.20456234,23.57379505,24.10852702,24.61821643,25.08513957
Libya,Africa,Male,25.97855921,26.16520036,26.40359746,26.67948851,26.97740739
Libya,Africa,Female,28.40925999,28.63230637,28.89817627,29.1846358,29.4889323
Lithuania,Europe,Male,26.13244116,26.33411331,26.63069393,26.89992044,27.15383776
Lithuania,Europe,Female,26.16773997,26.16840579,26.16582758,26.12850919,26.07351097
Luxembourg,Europe,Male,26.22599759,26.48896476,26.80731877,27.04110241,27.20635551
Luxembourg,Europe,Female,25.24519173,25.38349946,25.53801283,25.65154548,25.73596913
Madagascar,Africa,Male,20.83110452,20.98377772,21.1712458,21.34802679,21.531647
Madagascar,Africa,Female,20.51078957,20.64677013,20.79771797,20.94972463,21.10766375
Malawi,Africa,Male,21.53583343,21.77107304,22.05385567,22.29488663,22.53632451
Malawi,Africa,Female,21.988064,22.26259921,22.58727018,22.88810407,23.19040869
Malaysia,Asia,Male,23.61284686,23.97716993,24.43819478,24.86697157,25.29432954
Malaysia,Asia,Female,24.28951206,24.68533306,25.18250665,25.68074698,26.18244383
Maldives,Asia,Male,22.48076161,22.85048001,23.42607843,24.04690022,24.68409528
Maldives,Asia,Female,24.26374043,24.65002074,25.21543231,25.81824201,26.41361969
Mali,Africa,Male,21.64198752,21.96482858,22.37096496,22.68619339,22.93814775
Mali,Africa,Female,21.5044058,21.92466825,22.4106229,22.79269585,23.10811372
Malta,Europe,Male,27.26898609,27.49197397,27.73824469,27.87470211,27.93964227
Malta,Europe,Female,26.92884591,26.94757798,26.91297693,26.80567622,26.6409602
Marshall Islands,Oceania,Male,28.52463357,28.59657945,28.71217362,28.8613693,29.0327298
Marshall Islands,Oceania,Female,30.0872937,30.23796734,30.39151302,30.5186004,30.63869652
Mauritania,Africa,Male,22.3444058,22.62362996,22.95252959,23.17792955,23.3325681
Mauritania,Africa,Female,25.2055842,25.59997798,26.04685663,26.39805055,26.68662555
Mauritius,Africa,Male,24.01131136,24.17902109,24.36216383,24.50084915,24.63542765
Mauritius,Africa,Female,25.17252743,25.35791415,25.57413372,25.78264114,26.00909364
Mexico,North America,Male,26.46993867,26.72475012,27.02258128,27.29587229,27.56749763
Mexico,North America,Female,27.22701965,27.54923271,27.88722989,28.19633744,28.51446269
Moldova,Europe,Male,25.32054925,25.60751982,25.99893863,26.35018444,26.6924838
Moldova,Europe,Female,26.70002729,26.9088055,27.15851669,27.35659577,27.53849435
Mongolia,Asia,Male,23.94021434,24.22360401,24.72602444,25.31464669,25.90569314
Mongolia,Asia,Female,24.95073182,25.2384837,25.68921845,26.17727221,26.6551891
Montenegro,Europe,Male,25.59326215,25.90865328,26.32410407,26.69687467,27.07576197
Montenegro,Europe,Female,25.2206969,25.45419277,25.75073044,26.0040499,26.23939111
Morocco,Africa,Male,24.06522729,24.31804355,24.6564573,25.04673147,25.45877178
Morocco,Africa,Female,25.40673944,25.65934349,25.9571277,26.27860125,26.61139889
Mozambique,Africa,Male,21.10361629,21.30375487,21.55046682,21.77435917,22.00762231
Mozambique,Africa,Female,22.01983611,22.31252279,22.6725482,23.02952503,23.40543528
Myanmar,Asia,Male,20.95264937,21.17194035,21.48846354,21.83473068,22.21915318
Myanmar,Asia,Female,21.81197489,22.04803323,22.36481659,22.71229965,23.07931813
Namibia,Africa,Male,21.7402786,21.98783297,22.34297292,22.67065807,22.98169747
Namibia,Africa,Female,24.19360675,24.49545507,24.8706205,25.19432997,25.4775448
Nauru,Oceania,Male,33.20946995,33.00569127,32.74138304,32.52184628,32.32922718
Nauru,Oceania,Female,34.07069381,33.88928035,33.60361991,33.30838415,33.01809188
Nepal,Asia,Male,21.09386457,21.38464591,21.74093326,22.11458985,22.52026182
Nepal,Asia,Female,20.33778145,20.76874026,21.31511508,21.86070429,22.41241013
Netherlands,Europe,Male,25.3173109,25.58168011,25.87185357,26.04384467,26.12676929
Netherlands,Europe,Female,24.92990521,25.0780029,25.21439874,25.27050073,25.26339015
New Zealand,Oceania,Male,26.94635168,27.28959409,27.68882583,27.99150711,28.23136585
New Zealand,Oceania,Female,26.61082717,26.96199241,27.36468035,27.71215066,28.02995729
Nicaragua,North America,Male,25.40937306,25.67772036,26.00438867,26.30834142,26.60201215
Nicaragua,North America,Female,26.45276572,26.80671509,27.22421488,27.62786701,28.03797758
Niger,Africa,Male,20.62004525,20.84108787,21.10533103,21.28917102,21.4237689
Niger,Africa,Female,21.00440875,21.31984109,21.69767186,22.02029425,22.3111698
Nigeria,Africa,Male,21.85221204,22.06694841,22.32629332,22.50313761,22.62029901
Nigeria,Africa,Female,22.91261574,23.1879553,23.51580442,23.77834441,23.98606195
Niue,Oceania,Male,30.56398145,30.71669552,30.94151725,31.21503329,31.513537
Niue,Oceania,Female,32.04963062,32.35632099,32.72679233,33.0818789,33.4262565
North Korea,Asia,Male,23.0358247,23.2271885,23.51872228,23.85332299,24.24775404
North Korea,Asia,Female,23.12640472,23.25830499,23.47477068,23.73410468,24.01383838
North Macedonia,Europe,Male,26.04377508,26.2788403,26.62028991,26.97701038,27.37197913
North Macedonia,Europe,Female,25.55207259,25.67148218,25.86795647,26.09336683,26.339085
Norway,Europe,Male,26.16506512,26.4760755,26.85594261,27.15122317,27.38326736
Norway,Europe,Female,25.37271462,25.58510611,25.83086891,26.03741628,26.22002205
Oman,Asia,Male,25.19231006,25.40427913,25.68987243,26.04827839,26.43041626
Oman,Asia,Female,26.14325813,26.18207198,26.21888082,26.31397207,26.42924442
Pakistan,Asia,Male,22.1306934,22.41479416,22.73368432,23.02318013,23.3372988
Pakistan,Asia,Female,23.04238044,23.41060796,23.85965449,24.28326382,24.70310544
Palau,Oceania,Male,29.38811301,29.392007,29.46082405,29.55484723,29.62266165
Palau,Oceania,Female,29.64367331,29.68731241,29.75480392,29.7783903,29.7373193
Palestine,Asia,Male,26.62099355,26.91514252,27.29968868,27.72136031,28.15702136
Palestine,Asia,Female,28.55339131,28.84897828,29.19124048,29.54219945,29.90842521
Panama,North America,Male,25.10284883,25.38409539,25.70301203,25.98748712,26.26350401
Panama,North America,Female,26.29233461,26.64932867,27.03757523,27.39444155,27.75588148
Papua New Guinea,Oceania,Male,24.08389361,24.31038839,24.62223968,24.94736734,25.30592447
Papua New Guinea,Oceania,Female,24.13680838,24.51465195,24.98716902,25.43919632,25.89417974
Paraguay,South America,Male,24.94885666,25.25898553,25.68891248,26.13558376,26.59270083
Paraguay,South America,Female,25.17672586,25.53575099,26.00761814,26.49542503,27.00295734
Peru,South America,Male,24.47614059,24.78252829,25.23102809,25.72641802,26.23881223
Peru,South America,Female,25.82678592,26.05706609,26.38073917,26.76410593,27.17670818
Philippines,Asia,Male,22.11456888,22.25009052,22.42822353,22.61619835,22.83917654
Philippines,Asia,Female,22.49240924,22.67979773,22.91692959,23.19382727,23.51832443
Poland,Europe,Male,25.76527535,26.03283043,26.46585731,26.94977305,27.49402668
Poland,Europe,Female,25.36050697,25.46286292,25.65773905,25.86939749,26.091764
Portugal,Europe,Male,25.80460553,26.06887041,26.29788142,26.34225013,26.2877195
Portugal,Europe,Female,25.49985441,25.57121445,25.58333727,25.49918938,25.3448261
Puerto Rico,North America,Male,27.28169222,27.52264003,27.82264795,28.11224211,28.39770066
Puerto Rico,North America,Female,27.6137867,27.81863917,28.07029513,28.32711706,28.60202137
Qatar,Asia,Male,27.35269269,27.61496102,27.97545297,28.39437567,28.82671223
Qatar,Asia,Female,28.88017251,29.14628157,29.48867276,29.87593824,30.2769079
Romania,Europe,Male,24.85002005,25.21710156,25.79766926,26.43755855,27.14276793
Romania,Europe,Female,25.28467736,25.54466836,25.95877503,26.41809925,26.90366715
Russia,Europe,Male,25.06036199,25.24865658,25.52027632,25.743993,25.93945519
Russia,Europe,Female,26.62120228,26.71225699,26.78107079,26.76564659,26.70846311
Rwanda,Africa,Male,20.41227319,20.6290351,20.87177564,21.06301676,21.23847105
Rwanda,Africa,Female,21.29539066,21.61849511,21.99816556,22.34775263,22.67962362
Saint Kitts and Nevis,North America,Male,26.5558552,26.9026518,27.36085338,27.81150931,28.26228291
Saint Kitts and Nevis,North America,Female,28.57868325,29.01087109,29.57722816,30.15092891,30.74227026
Saint Lucia,North America,Male,26.26903236,26.89358755,27.74534734,28.63047805,29.57158453
Saint Lucia,North America,Female,27.7160818,28.24219483,28.91733647,29.61855597,30.39718804
Saint Vincent and the Grenadines,North America,Male,24.77614308,25.09364916,25.51420642,25.93237379,26.34416017
Saint Vincent and the Grenadines,North America,Female,26.47058124,26.85650694,27.34594112,27.82493724,28.30419131
Samoa,Oceania,Male,29.25907079,29.49744413,29.82346571,30.17220268,30.53673108
Samoa,Oceania,Female,32.17143485,32.61195577,33.15197686,33.67510585,34.20507181
Sao Tome and Principe,Africa,Male,22.85464387,23.15878044,23.51738922,23.76718316,23.93923179
Sao Tome and Principe,Africa,Female,24.16853134,24.57365274,25.03582556,25.39846167,25.69329216
Saudi Arabia,Asia,Male,27.0050573,27.19394043,27.44282649,27.74317755,28.06040105
Saudi Arabia,Asia,Female,28.73479662,28.90777836,29.08501397,29.26619499,29.45741901
Senegal,Africa,Male,21.23035447,21.42812927,21.65439622,21.79142854,21.8800931
Senegal,Africa,Female,23.07777973,23.36050987,23.66634783,23.89433686,24.08631639
Serbia,Europe,Male,25.71859476,25.92044138,26.19524163,26.45245454,26.7182548
Serbia,Europe,Female,25.09724359,25.20320971,25.36750249,25.53396959,25.69741733
Seychelles,Africa,Male,24.27291875,24.55962516,24.92204098,25.25762193,25.59593808
Seychelles,Africa,Female,26.82959215,27.11861964,27.4722771,27.80855097,28.15282939
Sierra Leone,Africa,Male,21.44710791,21.62759481,21.81551149,21.89261908,21.90734103
Sierra Leone,Africa,Female,22.66824574,22.93429527,23.21644424,23.40762249,23.54931547
Singapore,Asia,Male,23.70188036,23.8288357,23.99260702,24.1649395,24.35347984
Singapore,Asia,Female,23.43513921,23.36976625,23.28372953,23.21363709,23.15619575
Slovakia,Europe,Male,26.2481628,26.44931728,26.75871852,27.09003705,27.45215582
Slovakia,Europe,Female,25.068934,25.1444331,25.29425466,25.47540925,25.67360232
Slovenia,Europe,Male,25.42579528,25.65719635,25.99077034,26.32612781,26.68745865
Slovenia,Europe,Female,25.62846959,25.80770908,26.07868746,26.36287011,26.66169011
Solomon Islands,Oceania,Male,24.40724459,24.62620222,24.9370709,25.28549987,25.70205635
Solomon Islands,Oceania,Female,25.61452961,25.93327643,26.31245383,26.65685456,26.99404976
Somalia,Africa,Male,21.66097018,21.85977708,22.09774791,22.29790249,22.49655431
Somalia,Africa,Female,22.63227468,22.90716415,23.24553861,23.56701504,23.8901343
South Africa,Africa,Male,24.20532769,24.43065023,24.72632133,24.92303594,25.06915981
South Africa,Africa,Female,28.15172881,28.43608232,28.82522926,29.18449999,29.51261355
South Korea,Asia,Male,23.38756642,23.62744309,23.90175719,24.14015116,24.39793499
South Korea,Asia,Female,22.92489286,22.98810184,23.0465898,23.09515176,23.14950586
Spain,Europe,Male,26.67281345,26.90454391,27.12543992,27.1950588,27.1704132
Spain,Europe,Female,25.81388359,25.76546728,25.61303301,25.35483495,25.0175129
Sri Lanka,Asia,Male,21.10943388,21.35603316,21.71859771,22.10524529,22.52865584
Sri Lanka,Asia,Female,22.0924775,22.38094601,22.78338305,23.2298016,23.71384823
Sudan,Africa,Male,22.47587335,22.67227691,22.89174309,23.06672796,23.24492053
Sudan,Africa,Female,24.66261582,24.96362862,25.3256765,25.67390742,26.03298075
Suriname,South America,Male,24.46405845,24.67881067,24.95104322,25.20008528,25.43768437
Suriname,South America,Female,26.63918886,26.89385648,27.2112525,27.51970407,27.83736595
Sweden,Europe,Male,25.77360135,26.06032491,26.38425726,26.62928896,26.81740635
Sweden,Europe,Female,24.71290913,24.88220481,25.08019184,25.25824231,25.4199498
Switzerland,Europe,Male,25.8652932,26.06824207,26.35263706,26.59539823,26.7865903
Switzerland,Europe,Female,24.03394139,24.02116947,23.97951698,23.91510068,23.83783671
Syria,Asia,Male,26.15333826,26.41038321,26.73650652,27.09376098,27.4658099
Syria,Asia,Female,28.02500023,28.32125801,28.67013354,29.02678657,29.39012411
Taiwan,Asia,Male,23.60078956,23.83374195,24.19341769,24.58986985,25.03000934
Taiwan,Asia,Female,22.89498398,22.99250553,23.18818541,23.43359692,23.68825366
Tajikistan,Asia,Male,24.35368944,24.58790268,24.96981011,25.41684433,25.8876485
Tajikistan,Asia,Female,24.11490721,24.4831121,25.03768864,25.65918576,26.32647878
Tanzania,Africa,Male,21.79882716,21.948387,22.11126395,22.23895022,22.37008266
Tanzania,Africa,Female,22.48048972,22.79850189,23.20983441,23.62938575,24.0549663
Thailand,Asia,Male,22.33488994,22.59520728,22.99405767,23.43045424,23.8869609
Thailand,Asia,Female,23.57493254,23.81867038,24.19005978,24.60202273,25.01374045
Togo,Africa,Male,21.63427427,21.88663279,22.18843003,22.39853642,22.55156833
Togo,Africa,Female,22.42070161,22.90079354,23.49619556,24.02814229,24.52094971
Tokelau,Oceania,Male,31.07790599,31.26323789,31.5116857,31.78246769,32.07088925
Tokelau,Oceania,Female,32.09318611,32.46783563,32.90910361,33.3166195,33.71979741
Tonga,Oceania,Male,30.18022128,30.26971966,30.38135826,30.52101608,30.68186392
Tonga,Oceania,Female,32.70430872,32.99519998,33.32472401,33.62845765,33.93245732
Trinidad and Tobago,North America,Male,25.3324738,25.62304889,25.98461505,26.33541321,26.68688008
Trinidad and Tobago,North America,Female,26.84136155,27.24287877,27.74035437,28.23703753,28.75147012
Tunisia,Africa,Male,24.1537495,24.44223558,24.81366905,25.21088009,25.62332822
Tunisia,Africa,Female,26.40772402,26.60845496,26.81907785,27.02840997,27.25051704
Turkey,Asia,Male,25.94141109,26.22760722,26.55663979,26.87222429,27.19483759
Turkey,Asia,Female,27.82093649,28.06505321,28.33867066,28.61226418,28.87773829
Turkmenistan,Asia,Male,24.95526335,25.22327244,25.62778565,26.08671914,26.56331809
Turkmenistan,Asia,Female,24.77077011,25.1229634,25.61118623,26.13104713,26.66865309
Tuvalu,Oceania,Male,29.39270796,29.51407853,29.69563405,29.92396532,30.17198741
Tuvalu,Oceania,Female,30.74123666,30.99254472,31.28646841,31.56125048,31.81326607
Uganda,Africa,Male,20.49192105,20.69578219,20.96978196,21.24341876,21.53710939
Uganda,Africa,Female,21.80451123,22.09627896,22.47047477,22.85089592,23.24687818
Ukraine,Europe,Male,25.75765791,26.02461215,26.38879759,26.70741398,27.00955495
Ukraine,Europe,Female,25.87481539,26.01226393,26.17645637,26.29306695,26.38485599
United Arab Emirates,Asia,Male,26.86606879,27.10982839,27.42062693,27.75792277,28.10264628
United Arab Emirates,Asia,Female,28.62277485,28.83307977,29.07672327,29.32428508,29.57537805
United Kingdom,Europe,Male,26.55601653,26.8615675,27.17214568,27.35576851,27.452503
United Kingdom,Europe,Female,26.25058188,26.52770238,26.80137111,26.98844321,27.12053088
United States,North America,Male,27.76170662,28.12022792,28.52403974,28.79841336,28.97117223
United States,North America,Female,27.58170466,27.95167015,28.35860352,28.69826191,28.99665654
Uruguay,South America,Male,25.71057663,25.99342969,26.4208724,26.89876176,27.40277198
Uruguay,South America,Female,26.28262286,26.48662827,26.77736179,27.10949944,27.46816369
Uzbekistan,Asia,Male,24.6799702,24.94689732,25.36450006,25.84550848,26.35759742
Uzbekistan,Asia,Female,25.15975938,25.57313564,26.16406828,26.80624054,27.48593148
Vanuatu,Oceania,Male,25.20631115,25.31905718,25.43614368,25.54132086,25.67513029
Vanuatu,Oceania,Female,25.9239831,26.18141713,26.45736705,26.68770514,26.9101991
Venezuela,South America,Male,26.24207187,26.41390442,26.56960291,26.65249734,26.69960008
Venezuela,South America,Female,26.46999311,26.61653081,26.73278737,26.82019088,26.91600841
Vietnam,Asia,Male,19.90748806,20.18853522,20.64794298,21.19549844,21.8128405
Vietnam,Asia,Female,20.02330698,20.31891869,20.75706103,21.26324877,21.80618924
Yemen,Asia,Male,22.47827347,22.69632914,22.97287671,23.29457917,23.64013971
Yemen,Asia,Female,22.43059599,22.79887958,23.23571711,23.66525107,24.09178764
Zambia,Africa,Male,20.60080782,20.74379046,20.96283504,21.17643823,21.39328021
Zambia,Africa,Female,22.59283296,22.79780742,23.10884747,23.43169313,23.75530099
Zimbabwe,Africa,Male,21.76907377,21.88046904,22.03378106,22.15290505,22.26952183
Zimbabwe,Africa,Female,24.859916,24.97106489,25.11425438,25.25040894,25.39340921
